{"stat.walkOneCm":37456,"stat.pickup.minecraft.bone":2,"stat.leaveGame":8,"stat.pickup.minecraft.arrow":1,"stat.drop.srparasites.itemmobspawner_infendermanhead":1,"stat.pickup.srparasites.itemmobspawner_infendermanhead":1,"stat.useItem.srparasites.itemmobspawner_mes":1,"stat.pickup.srparasites.lurecomponent1":3,"stat.killEntity.Creeper":1,"stat.useItem.minecraft.diamond_sword":10,"stat.pickup.minecraft.diamond_sword":1,"stat.jump":264,"stat.swimOneCm":1397,"stat.fallOneCm":7158,"stat.drop.minecraft.diamond_sword":1,"stat.pickup.minecraft.gunpowder":1,"stat.crouchOneCm":353,"stat.pickup.minecraft.chicken":1,"stat.sprintOneCm":35786,"stat.useItem.srparasites.itemmobspawner_infendermanhead":2,"stat.useItem.minecraft.stone_slab2":3,"stat.killEntity.Skeleton":1,"stat.killEntity.Chicken":1,"stat.damageTaken":510,"stat.pickup.minecraft.feather":2,"stat.useItem.srparasites.itemmobspawner_infvillager":9,"stat.mobKills":15,"stat.flyOneCm":309217,"stat.deaths":2,"stat.pickup.minecraft.wheat_seeds":2,"stat.drop":2,"stat.playOneMinute":33014,"stat.killEntity.Sheep":4,"stat.sneakTime":162,"stat.useItem.srparasites.itemmobspawner_pod":1,"stat.damageDealt":915,"stat.timeSinceDeath":28455,"stat.useItem.minecraft.spawn_egg":5,"stat.mineBlock.minecraft.tallgrass":11,"stat.useItem.srparasites.itemmobspawner_shycoadapted":1,"stat.diveOneCm":677}