{"stat.pickup.minecraft.bone":2,"stat.leaveGame":14,"stat.pickup.minecraft.arrow":1,"stat.drop.srparasites.itemmobspawner_infendermanhead":1,"stat.useItem.srparasites.itemmobspawner_mes":1,"stat.useItem.minecraft.diamond_sword":13,"stat.pickup.minecraft.diamond_sword":1,"stat.jump":452,"stat.swimOneCm":1397,"stat.fallOneCm":7158,"stat.drop.srparasites.itemmobspawner_pod":1,"stat.drop.minecraft.diamond_sword":1,"stat.pickup.minecraft.gunpowder":1,"stat.crouchOneCm":820,"stat.useItem.minecraft.stone_slab2":8,"stat.damageTaken":560,"stat.pickup.minecraft.feather":2,"stat.useItem.srparasites.itemmobspawner_infvillager":9,"stat.pickup.srparasites.assimilated_flesh":1,"stat.killEntity.Llama":1,"stat.flyOneCm":471985,"stat.pickup.minecraft.wheat_seeds":2,"stat.damageDealt":1090,"stat.timeSinceDeath":76354,"stat.killEntity.Cow":4,"stat.useItem.minecraft.spawn_egg":5,"stat.drop.modularwarfare.prototype.vss":1,"stat.pickup.minecraft.mutton":4,"stat.walkOneCm":116921,"stat.pickup.srparasites.itemmobspawner_infendermanhead":1,"stat.pickup.srparasites.lurecomponent1":5,"stat.killEntity.Creeper":1,"stat.pickup.minecraft.chicken":1,"stat.sprintOneCm":92613,"stat.useItem.srparasites.itemmobspawner_infendermanhead":3,"stat.killEntity.Skeleton":1,"stat.drop.modularwarfare.prototype.tactical_vest_lv2_black":1,"stat.killEntity.Chicken":4,"stat.killEntity.Spider":1,"stat.useItem.srparasites.itemmobspawner_infhuman":2,"stat.mobKills":35,"stat.deaths":2,"stat.drop":5,"stat.playOneMinute":80913,"stat.killEntity.Sheep":10,"stat.sneakTime":318,"stat.useItem.srparasites.itemmobspawner_pod":3,"stat.pickup.minecraft.wool":3,"stat.killEntity.Zombie":1,"stat.mineBlock.minecraft.tallgrass":12,"stat.useItem.srparasites.itemmobspawner_shycoadapted":2,"stat.diveOneCm":677}