{"stat.pickup.minecraft.bone":2,"stat.leaveGame":17,"stat.pickup.minecraft.arrow":1,"stat.drop.srparasites.itemmobspawner_infendermanhead":1,"stat.useItem.srparasites.itemmobspawner_mes":1,"stat.useItem.minecraft.diamond_sword":13,"stat.pickup.minecraft.diamond_sword":1,"stat.jump":777,"stat.swimOneCm":2367,"stat.fallOneCm":7158,"stat.drop.srparasites.itemmobspawner_pod":1,"stat.pickup.aether_legacy.leather_gloves":1,"stat.drop.minecraft.diamond_sword":1,"stat.pickup.minecraft.gunpowder":1,"stat.pickup.minecraft.porkchop":2,"stat.crouchOneCm":886,"stat.useItem.minecraft.stone_slab2":39,"stat.damageTaken":560,"stat.pickup.minecraft.feather":2,"stat.pickup.minecraft.leather":6,"stat.useItem.srparasites.itemmobspawner_infvillager":17,"stat.pickup.srparasites.assimilated_flesh":2,"stat.killEntity.Llama":3,"stat.flyOneCm":623649,"stat.pickup.minecraft.wheat_seeds":2,"stat.damageDealt":1090,"stat.timeSinceDeath":130400,"stat.killEntity.Cow":19,"stat.useItem.minecraft.spawn_egg":5,"stat.killEntity.Pig":4,"stat.drop.modularwarfare.prototype.vss":1,"stat.pickup.minecraft.mutton":4,"stat.walkOneCm":231611,"stat.pickup.srparasites.itemmobspawner_infendermanhead":1,"stat.useItem.srparasites.itemmobspawner_infenderman":10,"stat.pickup.srparasites.lurecomponent1":7,"stat.killEntity.Creeper":1,"stat.pickup.minecraft.beef":7,"stat.pickup.minecraft.chicken":1,"stat.sprintOneCm":174582,"stat.useItem.srparasites.itemmobspawner_infendermanhead":3,"stat.killEntity.Skeleton":1,"stat.drop.modularwarfare.prototype.tactical_vest_lv2_black":1,"stat.killEntity.Chicken":5,"stat.killEntity.Spider":2,"stat.useItem.srparasites.itemmobspawner_infhuman":3,"stat.mobKills":64,"stat.deaths":2,"stat.drop":5,"stat.pickup.minecraft.egg":1,"stat.playOneMinute":134959,"stat.killEntity.Sheep":12,"stat.sneakTime":388,"stat.useItem.srparasites.itemmobspawner_pod":3,"stat.pickup.minecraft.wool":3,"stat.killEntity.Zombie":3,"stat.mineBlock.minecraft.tallgrass":12,"stat.useItem.srparasites.itemmobspawner_shycoadapted":2,"stat.diveOneCm":1350}