{"stat.pickup.minecraft.bone":2,"stat.leaveGame":18,"stat.pickup.minecraft.arrow":1,"stat.drop.srparasites.itemmobspawner_infendermanhead":1,"stat.useItem.minecraft.apple":6,"stat.useItem.srparasites.itemmobspawner_mes":1,"stat.useItem.minecraft.diamond_sword":13,"stat.pickup.minecraft.diamond_sword":1,"stat.jump":885,"stat.swimOneCm":2367,"stat.fallOneCm":7158,"stat.useItem.minecraft.planks":80,"stat.drop.srparasites.itemmobspawner_pod":1,"stat.pickup.aether_legacy.leather_gloves":1,"stat.drop.minecraft.diamond_sword":1,"stat.pickup.minecraft.gunpowder":1,"stat.pickup.minecraft.porkchop":2,"stat.crouchOneCm":886,"stat.pickup.minecraft.dirt":2,"stat.useItem.minecraft.stone_slab2":54,"stat.damageTaken":710,"stat.pickup.minecraft.feather":2,"stat.pickup.minecraft.leather":6,"stat.useItem.srparasites.itemmobspawner_infvillager":17,"stat.pickup.srparasites.assimilated_flesh":3,"stat.killEntity.Llama":3,"stat.flyOneCm":740863,"stat.drop.modularwarfare.prototype.m4a1ammo":15,"stat.pickup.minecraft.wheat_seeds":2,"stat.damageDealt":1151,"stat.drop.modularwarfare.prototype.vssammo":2,"stat.timeSinceDeath":165869,"stat.killEntity.Cow":19,"stat.useItem.minecraft.spawn_egg":5,"stat.drop.modularwarfare.prototype.mg42":1,"stat.killEntity.Pig":4,"stat.drop.modularwarfare.prototype.m4a1":2,"stat.drop.modularwarfare.prototype.vss":2,"stat.pickup.minecraft.mutton":4,"stat.walkOneCm":280329,"stat.playerKills":2,"stat.pickup.srparasites.itemmobspawner_infendermanhead":1,"stat.useItem.srparasites.itemmobspawner_infenderman":10,"stat.pickup.srparasites.lurecomponent1":7,"stat.killEntity.Creeper":1,"stat.pickup.minecraft.beef":7,"stat.useItem.minecraft.milk_bucket":1,"stat.pickup.minecraft.chicken":1,"stat.sprintOneCm":188960,"stat.useItem.srparasites.itemmobspawner_infendermanhead":3,"stat.drop.modularwarfare.prototype.mg42ammo":25,"stat.killEntity.Skeleton":2,"stat.drop.modularwarfare.prototype.tactical_vest_lv2_black":1,"stat.killEntity.Chicken":7,"stat.useItem.minecraft.flint_and_steel":15,"stat.killEntity.Spider":2,"stat.useItem.srparasites.itemmobspawner_infhuman":3,"stat.mobKills":98,"stat.drop.modularwarfare.tcp.s1897":1,"stat.drop.minecraft.golden_apple":28,"stat.useItem.minecraft.golden_apple":8,"stat.deaths":2,"stat.drop":142,"stat.pickup.minecraft.egg":2,"stat.playOneMinute":170428,"stat.killEntity.Sheep":12,"stat.sneakTime":568,"stat.useItem.srparasites.itemmobspawner_pod":3,"stat.pickup.minecraft.wool":3,"stat.killEntity.Zombie":5,"stat.drop.modularwarfare.tcp.12g":62,"stat.mineBlock.minecraft.tallgrass":12,"stat.useItem.srparasites.itemmobspawner_shycoadapted":2,"stat.diveOneCm":1350}