{"stat.walkOneCm":27748,"stat.leaveGame":4,"stat.damageTaken":510,"stat.mobKills":11,"stat.pickup.srparasites.lurecomponent1":2,"stat.killEntity.Creeper":1,"stat.useItem.minecraft.diamond_sword":6,"stat.flyOneCm":106893,"stat.deaths":2,"stat.pickup.minecraft.wheat_seeds":2,"stat.jump":237,"stat.swimOneCm":1397,"stat.playOneMinute":14264,"stat.fallOneCm":7158,"stat.killEntity.Sheep":3,"stat.sneakTime":65,"stat.damageDealt":433,"stat.pickup.minecraft.gunpowder":1,"stat.crouchOneCm":171,"stat.timeSinceDeath":9705,"stat.sprintOneCm":33157,"stat.useItem.srparasites.itemmobspawner_infendermanhead":1,"stat.mineBlock.minecraft.tallgrass":11,"stat.diveOneCm":677}