{"stats":{"minecraft:used":{"boh:painted_sword":29,"minecraft:torch":10,"spore:infected_human_spawnegg":1,"minecraft:villager_spawn_egg":1,"boh:six_spawn_egg":1,"boh:mothman_spawn_egg":1,"boh:slender_man_spawn_egg":2,"boh:nemesis_spawn_egg":1,"boh:siren_head_spawn_egg":1,"boh:specimen_9_boss_spawn_egg":1,"minecraft:soul_torch":1,"boh:desire_edge":9},"minecraft:killed":{"boh:taken_hands":3,"minecraft:sheep":3,"minecraft:rabbit":1,"boh:six":1,"boh:nemesis":1,"minecraft:donkey":1,"minecraft:zombie":3,"minecraft:pig":6,"minecraft:bee":1,"minecraft:chicken":1,"minecraft:creeper":2},"minecraft:picked_up":{"minecraft:chicken":1,"minecraft:porkchop":4,"minecraft:oak_log":3,"minecraft:oak_sapling":2,"minecraft:mutton":2},"minecraft:custom":{"minecraft:time_since_rest":32653,"minecraft:play_time":32653,"minecraft:sprint_one_cm":43298,"minecraft:walk_one_cm":58663,"minecraft:sneak_time":213,"minecraft:walk_under_water_one_cm":3492,"minecraft:mob_kills":23,"minecraft:jump":98,"minecraft:damage_dealt_resisted":3811,"minecraft:damage_dealt":907,"minecraft:leave_game":10,"minecraft:time_since_death":32653,"minecraft:walk_on_water_one_cm":1925,"minecraft:climb_one_cm":162,"minecraft:total_world_time":32653,"minecraft:swim_one_cm":4835,"minecraft:fly_one_cm":207215}},"DataVersion":3465}