{"stats":{"minecraft:custom":{"minecraft:time_since_rest":50438,"minecraft:sprint_one_cm":52174,"minecraft:walk_one_cm":80603,"minecraft:mob_kills":30,"minecraft:damage_dealt":917,"minecraft:swim_one_cm":4835,"minecraft:fly_one_cm":262145,"minecraft:crouch_one_cm":219,"minecraft:play_time":50438,"minecraft:sneak_time":321,"minecraft:walk_under_water_one_cm":3492,"minecraft:jump":108,"minecraft:damage_dealt_resisted":3811,"minecraft:leave_game":12,"minecraft:walk_on_water_one_cm":1925,"minecraft:time_since_death":50438,"minecraft:climb_one_cm":162,"minecraft:total_world_time":50438},"minecraft:picked_up":{"minecraft:chicken":1,"minecraft:porkchop":4,"minecraft:oak_log":3,"minecraft:spider_eye":1,"minecraft:string":2,"minecraft:arrow":2,"minecraft:oak_sapling":2,"minecraft:mutton":2},"minecraft:killed":{"boh:taken_hands":3,"minecraft:sheep":3,"minecraft:skeleton":1,"minecraft:donkey":1,"boh:nemesis":1,"minecraft:zombie":4,"minecraft:pig":6,"minecraft:bee":1,"boh:mothman":1,"minecraft:chicken":1,"minecraft:spider":2,"minecraft:rabbit":1,"boh:six":1,"minecraft:creeper":3,"minecraft:enderman":1},"minecraft:used":{"boh:painted_sword":29,"spore:infected_human_spawnegg":2,"minecraft:villager_spawn_egg":2,"boh:six_spawn_egg":1,"minecraft:zombie_spawn_egg":1,"boh:siren_head_spawn_egg":1,"boh:specimen_9_boss_spawn_egg":1,"minecraft:torch":10,"boh:mothman_spawn_egg":1,"boh:nemesis_spawn_egg":1,"boh:slender_man_spawn_egg":2,"minecraft:soul_torch":1,"boh:desire_edge":9}},"DataVersion":3465}