{"stat.walkOneCm":62644,"stat.pickup.minecraft.bone":2,"stat.leaveGame":12,"stat.pickup.minecraft.arrow":1,"stat.drop.srparasites.itemmobspawner_infendermanhead":1,"stat.pickup.srparasites.itemmobspawner_infendermanhead":1,"stat.useItem.srparasites.itemmobspawner_mes":1,"stat.pickup.srparasites.lurecomponent1":4,"stat.killEntity.Creeper":1,"stat.useItem.minecraft.diamond_sword":12,"stat.pickup.minecraft.diamond_sword":1,"stat.jump":341,"stat.swimOneCm":1397,"stat.fallOneCm":7158,"stat.drop.srparasites.itemmobspawner_pod":1,"stat.drop.minecraft.diamond_sword":1,"stat.pickup.minecraft.gunpowder":1,"stat.crouchOneCm":671,"stat.pickup.minecraft.chicken":1,"stat.sprintOneCm":59118,"stat.useItem.srparasites.itemmobspawner_infendermanhead":3,"stat.useItem.minecraft.stone_slab2":5,"stat.killEntity.Skeleton":1,"stat.killEntity.Chicken":1,"stat.damageTaken":560,"stat.pickup.minecraft.feather":2,"stat.useItem.srparasites.itemmobspawner_infvillager":9,"stat.mobKills":16,"stat.flyOneCm":336876,"stat.deaths":2,"stat.pickup.minecraft.wheat_seeds":2,"stat.drop":3,"stat.playOneMinute":58046,"stat.killEntity.Sheep":4,"stat.sneakTime":198,"stat.useItem.srparasites.itemmobspawner_pod":3,"stat.damageDealt":1024,"stat.timeSinceDeath":53487,"stat.useItem.minecraft.spawn_egg":5,"stat.mineBlock.minecraft.tallgrass":12,"stat.useItem.srparasites.itemmobspawner_shycoadapted":2,"stat.diveOneCm":677}