{"stat.walkOneCm":16909,"stat.leaveGame":3,"stat.damageTaken":510,"stat.mobKills":7,"stat.flyOneCm":102998,"stat.deaths":2,"stat.pickup.minecraft.wheat_seeds":2,"stat.jump":219,"stat.swimOneCm":1397,"stat.playOneMinute":12639,"stat.fallOneCm":7158,"stat.killEntity.Sheep":2,"stat.sneakTime":50,"stat.damageDealt":89,"stat.crouchOneCm":57,"stat.timeSinceDeath":8080,"stat.sprintOneCm":28960,"stat.useItem.srparasites.itemmobspawner_infendermanhead":1,"stat.mineBlock.minecraft.tallgrass":11,"stat.diveOneCm":677}