{"stats":{"minecraft:custom":{"minecraft:jump":17,"minecraft:time_since_rest":15564,"minecraft:leave_game":9,"minecraft:play_time":15564,"minecraft:sprint_one_cm":6057,"minecraft:time_since_death":15564,"minecraft:walk_on_water_one_cm":79,"minecraft:walk_one_cm":12199,"minecraft:sneak_time":126,"minecraft:total_world_time":15564,"minecraft:walk_under_water_one_cm":452,"minecraft:mob_kills":6,"minecraft:fly_one_cm":47664},"minecraft:killed":{"minecraft:pig":1,"minecraft:sheep":2,"minecraft:bee":1,"minecraft:rabbit":1,"minecraft:donkey":1},"minecraft:picked_up":{"minecraft:oak_log":3,"minecraft:oak_sapling":2,"minecraft:mutton":2}},"DataVersion":3465}