{"stats":{"minecraft:custom":{"minecraft:time_since_rest":28937,"minecraft:sprint_one_cm":33954,"minecraft:play_time":28937,"minecraft:walk_one_cm":42783,"minecraft:sneak_time":197,"minecraft:walk_under_water_one_cm":3492,"minecraft:mob_kills":15,"minecraft:damage_dealt_resisted":3811,"minecraft:jump":79,"minecraft:damage_dealt":897,"minecraft:leave_game":10,"minecraft:walk_on_water_one_cm":1925,"minecraft:time_since_death":28937,"minecraft:climb_one_cm":162,"minecraft:total_world_time":28937,"minecraft:swim_one_cm":4835,"minecraft:fly_one_cm":164758},"minecraft:used":{"boh:painted_sword":29,"minecraft:torch":10,"minecraft:villager_spawn_egg":1,"boh:six_spawn_egg":1,"boh:mothman_spawn_egg":1,"boh:nemesis_spawn_egg":1,"boh:siren_head_spawn_egg":1,"boh:slender_man_spawn_egg":2,"boh:specimen_9_boss_spawn_egg":1,"minecraft:soul_torch":1,"boh:desire_edge":9},"minecraft:picked_up":{"minecraft:chicken":1,"minecraft:oak_log":3,"minecraft:oak_sapling":2,"minecraft:mutton":2},"minecraft:killed":{"minecraft:sheep":3,"boh:taken_hands":3,"minecraft:rabbit":1,"boh:nemesis":1,"minecraft:zombie":1,"boh:six":1,"minecraft:donkey":1,"minecraft:pig":1,"minecraft:bee":1,"minecraft:creeper":1,"minecraft:chicken":1}},"DataVersion":3465}