{"stat.walkOneCm":34525,"stat.pickup.minecraft.bone":2,"stat.leaveGame":5,"stat.pickup.minecraft.arrow":1,"stat.pickup.srparasites.lurecomponent1":2,"stat.killEntity.Creeper":1,"stat.useItem.minecraft.diamond_sword":10,"stat.pickup.minecraft.diamond_sword":1,"stat.jump":253,"stat.swimOneCm":1397,"stat.fallOneCm":7158,"stat.drop.minecraft.diamond_sword":1,"stat.pickup.minecraft.gunpowder":1,"stat.crouchOneCm":171,"stat.pickup.minecraft.chicken":1,"stat.sprintOneCm":34562,"stat.useItem.srparasites.itemmobspawner_infendermanhead":1,"stat.killEntity.Skeleton":1,"stat.killEntity.Chicken":1,"stat.damageTaken":510,"stat.pickup.minecraft.feather":2,"stat.useItem.srparasites.itemmobspawner_infvillager":4,"stat.mobKills":15,"stat.flyOneCm":134932,"stat.deaths":2,"stat.pickup.minecraft.wheat_seeds":2,"stat.drop":1,"stat.playOneMinute":20811,"stat.killEntity.Sheep":4,"stat.sneakTime":65,"stat.damageDealt":681,"stat.timeSinceDeath":16252,"stat.useItem.minecraft.spawn_egg":3,"stat.mineBlock.minecraft.tallgrass":11,"stat.diveOneCm":677}