{"stats":{"minecraft:used":{"boh:painted_sword":29,"spore:infected_human_spawnegg":2,"minecraft:villager_spawn_egg":2,"boh:six_spawn_egg":1,"minecraft:zombie_spawn_egg":1,"boh:siren_head_spawn_egg":1,"boh:specimen_9_boss_spawn_egg":1,"minecraft:torch":16,"boh:mothman_spawn_egg":1,"boh:nemesis_spawn_egg":6,"boh:slender_man_spawn_egg":2,"minecraft:soul_torch":1,"boh:desire_edge":9},"minecraft:dropped":{"minecraft:zombie_spawn_egg":1,"boh:painted_sword":1,"boh:mothman_spawn_egg":1,"tacz:modern_kinetic_gun":3,"minecraft:villager_spawn_egg":1,"spore:infected_human_spawnegg":1,"tacz:attachment":1},"minecraft:killed":{"spore:inf_pillager":2,"boh:taken_hands":3,"minecraft:sheep":3,"spore:inf_villager":11,"minecraft:skeleton":1,"boh:nemesis":1,"minecraft:donkey":1,"minecraft:zombie":4,"spore:inf_human":109,"minecraft:pig":6,"minecraft:bee":1,"boh:mothman":1,"minecraft:chicken":1,"minecraft:spider":2,"minecraft:rabbit":1,"boh:six":1,"spore:inf_husk":7,"minecraft:creeper":3,"minecraft:enderman":1},"minecraft:picked_up":{"minecraft:chicken":1,"minecraft:porkchop":4,"minecraft:oak_log":3,"minecraft:spider_eye":1,"minecraft:string":2,"minecraft:arrow":2,"minecraft:oak_sapling":2,"minecraft:mutton":2},"minecraft:custom":{"minecraft:time_since_rest":64246,"minecraft:sprint_one_cm":69078,"minecraft:walk_one_cm":94540,"minecraft:mob_kills":161,"minecraft:drop":9,"minecraft:damage_dealt":931,"minecraft:swim_one_cm":4835,"minecraft:fly_one_cm":388599,"minecraft:open_chest":1,"minecraft:crouch_one_cm":219,"minecraft:play_time":64246,"minecraft:sneak_time":396,"minecraft:walk_under_water_one_cm":3492,"minecraft:jump":150,"minecraft:damage_dealt_resisted":3811,"minecraft:leave_game":15,"minecraft:walk_on_water_one_cm":2293,"minecraft:time_since_death":64246,"minecraft:climb_one_cm":162,"minecraft:total_world_time":64246}},"DataVersion":3465}