{"stat.pickup.minecraft.rotten_flesh":1,"stat.killEntity.Skeleton":1,"stat.walkOneCm":40711,"stat.drop.srparasites.lurecomponent1":1,"stat.playerKills":4,"stat.killEntity.Chicken":2,"stat.leaveGame":4,"stat.damageTaken":5776,"stat.mobKills":14,"stat.pickup.srparasites.assimilated_flesh":1,"stat.pickup.srparasites.lurecomponent1":1,"stat.flyOneCm":73043,"stat.deaths":17,"stat.drop":2,"stat.jump":335,"stat.swimOneCm":1943,"stat.playOneMinute":19236,"stat.fallOneCm":20480,"stat.entityKilledBy.Skeleton":1,"stat.damageDealt":103,"stat.pickup.minecraft.chicken":1,"stat.killEntity.Zombie":1,"stat.timeSinceDeath":0,"stat.sprintOneCm":22555,"stat.mineBlock.minecraft.tallgrass":3,"stat.drop.srparasites.assimilated_flesh":1,"stat.diveOneCm":1703}