{"stat.walkOneCm":121889,"stat.pickup.minecraft.golden_apple":28,"stat.pickup.minecraft.gravel":4,"stat.leaveGame":1,"stat.pickup.minecraft.clay_ball":1,"stat.useItem.minecraft.chicken":1,"stat.craftItem.minecraft.crafting_table":1,"stat.mineBlock.minecraft.double_plant":6,"stat.mineBlock.srparasites.gore":5,"stat.pickup.srparasites.lurecomponent1":14,"stat.pickup.minecraft.string":2,"stat.pickup.minecraft.log":3,"stat.useItem.minecraft.mutton":8,"stat.jump":1046,"stat.swimOneCm":3122,"stat.fallOneCm":49612,"stat.pickup.minecraft.beef":3,"stat.entityKilledBy.Skeleton":1,"stat.crouchOneCm":71,"stat.pickup.minecraft.chicken":1,"stat.pickup.minecraft.spider_eye":1,"stat.pickup.minecraft.sapling":1,"stat.pickup.minecraft.dirt":4,"stat.sprintOneCm":106911,"stat.pickup.minecraft.rotten_flesh":4,"stat.killEntity.Skeleton":2,"stat.craftItem.minecraft.planks":12,"stat.damageTaken":10653,"stat.pickup.minecraft.feather":1,"stat.pickup.minecraft.leather":2,"stat.killEntity.Spider":1,"stat.mineBlock.minecraft.red_flower":1,"stat.mobKills":23,"stat.pickup.srparasites.assimilated_flesh":10,"stat.mineBlock.minecraft.log":3,"stat.useItem.minecraft.golden_apple":1,"stat.flyOneCm":245550,"stat.deaths":40,"stat.pickup.minecraft.wheat_seeds":14,"stat.pickup.minecraft.egg":4,"stat.playOneMinute":34179,"stat.mineBlock.minecraft.gravel":1,"stat.killEntity.Sheep":3,"stat.pickup.minecraft.red_flower":1,"stat.sneakTime":18,"stat.pickup.minecraft.wool":6,"stat.damageDealt":187,"stat.killEntity.Zombie":1,"stat.timeSinceDeath":500,"stat.killEntity.Cow":1,"stat.mineBlock.minecraft.dirt":2,"stat.mineBlock.minecraft.tallgrass":83,"stat.pickup.minecraft.mutton":10,"stat.diveOneCm":4126}