{"stats":{"minecraft:killed":{"minecraft:horse":1,"minecraft:sheep":1,"minecraft:chicken":2},"minecraft:custom":{"minecraft:jump":20,"minecraft:time_since_rest":3561,"minecraft:damage_dealt":40,"minecraft:crouch_one_cm":128,"minecraft:leave_game":1,"minecraft:sprint_one_cm":9136,"minecraft:play_time":3561,"minecraft:time_since_death":3561,"minecraft:walk_one_cm":12668,"minecraft:sneak_time":13,"minecraft:total_world_time":3561,"minecraft:mob_kills":4,"minecraft:fly_one_cm":2270}},"DataVersion":3465}