{
  "biomeswevegone:biomeswevegone/root": {
    "criteria": {
      "tick": "2024-10-20 23:04:46 +0000"
    },
    "done": true
  },
  "minecraft:recipes/decorations/crafting_table": {
    "criteria": {
      "unlock_right_away": "2024-10-20 23:04:46 +0000"
    },
    "done": true
  },
  "betterdungeons:root": {
    "criteria": {
      "always": "2024-10-20 23:04:46 +0000"
    },
    "done": true
  },
  "minecraft:adventure/adventuring_time": {
    "criteria": {
      "minecraft:wooded_badlands": "2024-10-20 23:05:56 +0000",
      "minecraft:badlands": "2024-10-20 23:05:57 +0000",
      "minecraft:lukewarm_ocean": "2024-10-20 23:05:41 +0000",
      "minecraft:river": "2024-10-20 23:06:13 +0000",
      "minecraft:desert": "2024-10-20 23:05:51 +0000",
      "minecraft:jungle": "2024-10-20 23:04:47 +0000",
      "minecraft:plains": "2024-10-20 23:06:27 +0000"
    },
    "done": false
  },
  "biomeswevegone:biomeswevegone/adventure/oh_the_biomes_weve_gone": {
    "criteria": {
      "biomeswevegone:windswept_desert": "2024-10-20 23:06:18 +0000",
      "biomeswevegone:rainbow_beach": "2024-10-20 23:08:42 +0000"
    },
    "done": false
  },
  "biomeswevegone:biomeswevegone/adventure/root": {
    "criteria": {
      "biomeswevegone:windswept_desert": "2024-10-20 23:06:18 +0000"
    },
    "done": true
  },
  "DataVersion": 3465
}