{
  "biomeswevegone:biomeswevegone/root": {
    "criteria": {
      "tick": "2024-10-20 22:04:51 +0000"
    },
    "done": true
  },
  "minecraft:recipes/decorations/crafting_table": {
    "criteria": {
      "unlock_right_away": "2024-10-20 22:04:51 +0000"
    },
    "done": true
  },
  "minecraft:adventure/root": {
    "criteria": {
      "killed_something": "2024-10-20 22:06:20 +0000"
    },
    "done": true
  },
  "betterdungeons:root": {
    "criteria": {
      "always": "2024-10-20 22:04:51 +0000"
    },
    "done": true
  },
  "minecraft:adventure/adventuring_time": {
    "criteria": {
      "minecraft:sparse_jungle": "2024-10-20 22:06:12 +0000",
      "minecraft:plains": "2024-10-20 22:04:54 +0000"
    },
    "done": false
  },
  "DataVersion": 3465
}